Ticker,Nombre,Sector,Precio_Actual,Dif_%_vs_Max,PE_Actual,PEG_Ratio,Margen_Op_%,Crec_EPS_%,Crec_Ventas_%,Target_WallSt,Upside_B5_%,z_PEG_Ratio,z_Margen_Op_%,z_Crec_Ventas_%,z_Dif_%_vs_Max,z_Upside_B5_%,score_z,Probabilidad_Logit,Clasificacion
MU,"Micron Technology, Inc.",Technology,1016.59,-18.98,6.56,0.15,80.37,1368.5,345.7,1513.11,48.84,-0.8552451146918056,2.8145802210751905,6.461461903583094,0.2630708128989701,1.4368873916990197,13.599161908868993,0.9999987584663779,💎 GANGA INSTITUCIONAL
APP,Applovin Corporation,Communication Services,320.56,-57.01,15.28,0.69,77.68,57.0,52.8,514.48,60.5,-0.5207550775040595,2.6571886269308815,0.28673130922565926,-2.3034456241040044,2.1759343230580126,9.386979090390392,0.999916198771873,💎 GANGA INSTITUCIONAL
STRL,"Sterling Infrastructure, Inc.",Industrials,486.49,-51.63,19.16,0.6,20.05,116.5,90.1,876.0,80.07,-0.5765034170353505,-0.7147361204804753,1.0730660691079819,-1.9403675691190976,3.416341565484727,7.575019304332568,0.9994871526309353,💎 GANGA INSTITUCIONAL
FICO,Fair Isaac Corporation,Technology,932.26,-53.34,17.57,0.65,53.79,41.2,25.7,1463.84,57.02,-0.5455321172957444,1.2593874432477767,-0.2845735699381729,-2.055769701837349,1.955361139427713,6.608694393818599,0.9986532245200732,💎 GANGA INSTITUCIONAL
AVGO,Broadcom Inc.,Technology,357.9,-27.58,18.47,0.35,54.31,215.3,85.5,533.41,49.04,-0.7313599157333812,1.2898125841232566,0.9760918091761137,-0.3173141820583155,1.4495640114478874,6.088531943376442,0.9977363984111518,💎 GANGA INSTITUCIONAL
NVDA,NVIDIA Corporation,Technology,230.36,-2.5,14.84,0.59,66.24,127.8,105.9,327.13,42.01,-0.5826976769832717,1.9878355276703235,1.4061515706130945,1.3752504311426992,1.0039808272751838,5.07366556378301,0.9937795031038398,💎 GANGA INSTITUCIONAL
VIAV,Viavi Solutions Inc.,Technology,34.86,-42.31,17.87,1.34,14.31,326.5,52.5,61.43,76.22,-0.11812818088917984,-1.050582867836734,0.28040690096923315,-1.3113922024909692,3.172316635319022,4.729205029152447,0.9912438566930405,💎 GANGA INSTITUCIONAL
SIMO,Silicon Motion Technology Corpo,Technology,256.21,-27.68,16.14,0.7,22.42,733.8,127.0,369.7,44.3,-0.5145608175561383,-0.5760676899518458,1.8509682846484028,-0.3240628447903771,1.1491281233997201,4.102148232236211,0.9837319154708559,💎 GANGA INSTITUCIONAL
RMBS,"Rambus, Inc.",Technology,85.46,-50.91,22.97,3.8,36.67,15.1,20.4,147.86,73.01,1.405659766299441,0.25769818980890086,-0.3963047824683689,-1.8917771974482547,2.9688568883496944,3.526926350164346,0.971444271785967,💎 GANGA INSTITUCIONAL
RDDT,"Reddit, Inc.",Communication Services,154.46,-45.41,15.94,0.77,28.79,177.8,61.1,213.1,37.97,-0.47120099792068965,-0.20335971422721744,0.4617066043201172,-1.5206007471848744,0.7479131083480541,3.5114748178793596,0.9710125050362721,💎 GANGA INSTITUCIONAL
MCHP,Microchip Technology Incorporat,Technology,74.17,-29.19,16.25,0.22,23.96,0.0,38.0,108.64,46.47,-0.811885295056357,-0.4859624650513862,-0.025272831424699237,-0.4259676520445053,1.286669447674936,2.862914038773175,0.9459823996899993,💎 GANGA INSTITUCIONAL
TER,"Teradyne, Inc.",Technology,357.03,-26.8,30.64,0.65,33.16,385.8,103.9,446.47,25.05,-0.5455321172957444,0.05232848889941137,1.3639888489035865,-0.2646746127482363,-0.07099652742880608,2.72739176223282,0.9386237504640407,💎 GANGA INSTITUCIONAL
AMAT,"Applied Materials, Inc.",Technology,454.71,-38.46,24.62,0.9,33.74,42.8,24.8,640.89,40.94,-0.39067561859771377,0.08626422295283155,-0.30354679470745144,-1.0515686873066028,0.936160911618741,2.719050024942078,0.9381414276395283,💎 GANGA INSTITUCIONAL
ADYEN.AS,ADYEN,Technology,1026.6,-35.87,21.41,1.05,43.62,12.9,18.9,1385.25,34.94,-0.2977617193788954,0.6643418995869489,-0.42792682375049984,-0.8767783225462108,0.5558623191527068,2.4848548576372407,0.9230732454471731,💎 GANGA INSTITUCIONAL
LITE,Lumentum Holdings Inc.,Technology,881.26,-18.83,26.46,0.63,27.95,0.0,109.3,1148.43,30.32,-0.5579206371915868,-0.25250801871837725,1.4778281975192578,0.27319380699706247,0.2630324029538606,2.4555500481391737,0.9209663689296738,💎 GANGA INSTITUCIONAL
PGY,Pagaya Technologies Ltd.,Technology,22.98,-48.92,5.54,0.04,27.33,143.3,18.6,28.91,25.8,-0.9233819741189391,-0.28878414822375714,-0.43425123200692595,-1.757478809080232,-0.023459203370551802,2.312089591892773,0.9098733566615913,💎 GANGA INSTITUCIONAL
TSM,Taiwan Semiconductor Manufactur,Technology,428.91,-10.46,19.62,0.81,60.34,77.4,36.0,552.38,28.79,-0.44642395812900476,1.6426271985062253,-0.06743555313420715,0.8380568776706068,0.16605626187502182,2.228231417487332,0.9027562102450213,💎 GANGA INSTITUCIONAL
ONTO,Onto Innovation Inc.,Technology,268.01,-30.65,23.0,0.76,22.97,75.4,35.3,388.45,44.94,-0.4773952578686109,-0.5438872524873961,-0.08219250573253498,-0.5244981279326025,1.1896933065960973,2.1916660412265214,0.8994986182616739,💎 GANGA INSTITUCIONAL
BSX,Boston Scientific Corporation,Healthcare,47.8,-56.35,13.92,0.66,22.9,15.1,7.5,62.69,31.15,-0.5393378573478231,-0.5479829445283261,-0.6682543374946949,-2.2589044500723987,0.3156403749116619,2.0596939737938986,0.8869234821266406,💎 GANGA INSTITUCIONAL
UI,Ubiquiti Inc.,Technology,579.66,-47.15,29.61,1.1,36.27,6.8,23.5,734.5,26.71,-0.26679041963928923,0.23429423528930102,-0.3309525638186316,-1.6380274787227438,0.03421941648679673,2.0360008638889053,0.8845254231112313,💎 GANGA INSTITUCIONAL
NU,Nu Holdings Ltd.,Financial Services,15.37,-19.02,13.41,0.71,50.15,66.3,52.1,18.78,22.2,-0.508366557608217,1.0464114571194174,0.2719743566273316,0.2603713478061456,-0.25163835885017244,1.955951297714936,0.8760941216026672,💎 GANGA INSTITUCIONAL
BAM,Brookfield Asset Management Inc,Financial Services,50.6,-15.93,23.31,1.35,68.74,47.4,60.8,57.19,13.03,-0.11193392094125862,2.134110243417823,0.4553821960636909,0.4689050262268448,-0.8328613743357614,1.9250192789426852,0.8726971037701848,💎 GANGA INSTITUCIONAL
BE,Bloom Energy Corporation,Industrials,252.87,-28.01,51.39,0.57,17.11,0.0,165.5,275.08,8.79,-0.5950861968791142,-0.8867551861995346,2.6626006775564304,-0.34633343180618004,-1.101605713011759,1.8369964789015787,0.8625930988930078,💎 GANGA INSTITUCIONAL
LSCC,Lattice Semiconductor Corporati,Technology,115.9,-26.18,36.07,0.59,13.33,600.0,62.2,164.54,41.97,-0.5826976769832717,-1.107922556409754,0.48489610126034655,-0.22283290380945517,1.0014455033254104,1.7803539269211273,0.8557405632119932,💎 GANGA INSTITUCIONAL
ADI,"Analog Devices, Inc.",Technology,362.25,-18.51,22.17,0.54,39.5,163.5,39.6,470.25,29.81,-0.6136689767228778,0.42328116803507004,0.008457345942907124,0.29478952773965894,0.2307070225942476,1.6723525016704275,0.8418892187173402,🟢 Muy Fuerte
MTSI,MACOM Technology Solutions Hold,Technology,268.95,-35.8,31.72,2.05,23.34,166.7,35.8,395.33,46.99,0.3216642754132269,-0.5222385945567661,-0.071651825305158,-0.8720542586337677,1.3196286590219926,1.512366355075348,0.8194116358012902,🟢 Muy Fuerte
KLAC,KLA Corporation,Technology,185.6,-39.55,27.75,1.77,42.49,13.8,15.2,233.77,25.95,0.14822499687143276,0.5982257280690795,-0.5059278589130894,-1.1251291110860726,-0.013951738558901037,1.133491673422242,0.7564826992917584,🟢 Muy Fuerte
ISRG,"Intuitive Surgical, Inc.",Healthcare,366.7,-39.28,30.38,1.6,33.6,26.5,18.5,478.01,30.35,0.042922577756771996,0.07807283887097155,-0.4363593680924014,-1.106907721709507,0.2649338959161909,1.0899392493379707,0.7483702816886698,🟢 Muy Fuerte
TXN,Texas Instruments Incorporated,Technology,258.44,-22.23,24.28,0.92,42.58,51.8,22.8,324.71,25.64,-0.37828709870187127,0.6034916178359893,-0.34570951641695935,0.043739274106972585,-0.03360049916964606,1.0282941257805234,0.7365850429007792,🟢 Muy Fuerte
PLTR,Palantir Technologies Inc.,Technology,174.33,-15.99,74.95,1.68,47.12,215.4,92.8,193.88,11.21,0.0924766573401417,0.8691265016334481,1.1299857434158176,0.4648558285876079,-0.9482186140504584,0.6961666897128815,0.6673373306784043,🟡 Atractiva
LLY,Eli Lilly and Company,Healthcare,1149.36,-11.08,24.32,1.11,54.22,26.2,47.7,1315.56,14.46,-0.260596159691368,1.2845466943563466,0.1792163688664142,0.7962151687318257,-0.7422235431313565,0.648004020588317,0.6565605324205547,🟡 Atractiva
DECK,Deckers Outdoor Corporation,Consumer Cyclical,85.81,-31.29,10.26,1.05,15.23,1.1,5.7,122.81,43.12,-0.2977617193788954,-0.9967537724416542,-0.706200787033252,-0.5676895694177959,1.0743360668814002,0.5812746858236177,0.641360658754728,🟡 Atractiva
LRCX,Lam Research Corporation,Technology,307.65,-29.84,26.58,1.43,37.39,34.8,30.0,370.87,20.55,-0.06237984135788891,0.2998253079441806,-0.1939237182627309,-0.4698339598029047,-0.35622047177833177,0.399807991991629,0.5986415272511508,🟡 Atractiva
SNPS,"Synopsys, Inc.",Technology,393.84,-36.04,22.49,2.11,14.52,89.3,42.4,544.97,38.37,0.3588298351007543,-1.0382957917139441,0.06748515633621814,-0.8882510491907154,0.7732663478457897,0.29470616573314634,0.5731478878522791,🟡 Atractiva
AMD,"Advanced Micro Devices, Inc.",Technology,477.57,-18.33,30.79,0.49,17.25,159.5,50.1,613.84,28.54,-0.644640276462484,-0.8785638021176747,0.22981163491782367,0.3069371206573698,0.15021048718893706,0.28450687531610785,0.5706507963842709,🟡 Atractiva
ANET,"Arista Networks, Inc.",Technology,193.78,-9.82,37.55,1.45,45.39,35.7,37.7,241.04,24.39,-0.049991321462046455,0.7679043983361787,-0.031597239681125364,0.8812483191558002,-0.11282937260006985,0.22191362492693514,0.5552518493141008,🟡 Atractiva
NFLX,"Netflix, Inc.",Communication Services,78.25,-38.24,20.48,1.45,33.38,11.1,13.4,93.66,19.69,-0.049991321462046455,0.06520066388519166,-0.5438743084516466,-1.0367216292960677,-0.4107299366984633,0.15406658821694696,0.5384406398872541,⚪ Neutral
GLW,Corning Incorporated,Technology,154.3,-43.12,35.71,0.92,15.65,18.5,16.6,191.4,24.04,-0.37828709870187127,-0.9721796201960744,-0.47641395371643386,-1.3660563706206668,-0.1350134571605886,0.13069299397927514,0.5326268210771813,⚪ Neutral
SOFI,"SoFi Technologies, Inc.",Financial Services,18.22,-44.33,22.16,0.66,16.96,40.4,42.6,20.26,11.21,-0.5393378573478231,-0.8955316691443845,0.071701428507169,-1.4477151896786107,-0.9482186140504584,0.0834998268515128,0.5208628364288942,⚪ Neutral
MRVL,"Marvell Technology, Inc.",Technology,223.55,-32.22,33.26,1.19,16.68,50.0,36.5,285.0,27.49,-0.2110420801079983,-0.9119144373081045,-0.05689487270683017,-0.6304521328259675,0.08365823350738102,0.03584405851772492,0.5089600553293057,⚪ Neutral
GOOGL,Alphabet Inc.,Communication Services,338.46,-17.07,22.79,1.25,34.03,294.0,24.2,428.07,26.47,-0.17387652042047091,0.10323208997954143,-0.3161956112203039,0.3919702710813441,0.019007472788155236,-0.09118541308478606,0.47721942916054005,⚪ Neutral
AX,"Axos Financial, Inc.",Financial Services,97.95,-7.37,9.07,0.95,45.03,12.4,18.1,119.14,21.64,-0.35970431885810766,0.7468408392685388,-0.44479191243430294,1.046590556091306,-0.2871328941470022,-0.1687098811416035,0.4579222873129901,⚪ Neutral
SMCI,"Super Micro Computer, Inc.",Technology,39.59,-32.65,7.43,0.91,13.38,434.7,93.2,42.38,7.03,-0.3844813586497925,-1.1049970620948035,1.1384182877577191,-0.6594713825738318,-1.2131599668017956,-0.2805980325314701,0.4303071665202445,⚪ Neutral
SCHW,Charles Schwab Corporation (The,Financial Services,109.29,-4.58,14.0,0.92,52.28,42.6,20.9,124.95,14.33,-0.37828709870187127,1.171037514936287,-0.38576410204099193,1.2348782463158208,-0.7504633459681206,-0.33865761771153535,0.416135594579261,⚪ Neutral
MA,Mastercard Incorporated,Financial Services,579.21,-3.66,25.15,1.51,61.11,22.1,14.1,670.92,15.83,-0.012825761774519074,1.687679810956455,-0.5291173558533188,1.2969659434507863,-0.655388697851612,-0.35684933194192947,0.41172246722366085,⚪ Neutral
BKNG,Booking Holdings Inc. Common St,Consumer Cyclical,193.29,-13.94,15.62,0.71,34.41,130.0,8.1,238.68,23.48,-0.508366557608217,0.12546584677316108,-0.6556055209818425,0.6032034145948679,-0.17050799245741838,-0.3726006838699333,0.40791275444759234,⚪ Neutral
ASML,ASML Holding N.V. - New York Re,Technology,1714.88,-14.14,28.56,1.53,37.06,28.5,21.3,2167.96,26.42,-0.0004372418786766147,0.28051704546551076,-0.37733155769909027,0.589706089130745,0.015838317850938463,-0.38793406310382195,0.4042147317213043,⚪ Neutral
V,Visa Inc.,Financial Services,375.07,-2.72,25.0,1.7,66.13,10.2,14.4,419.36,11.81,0.10486517723598415,1.9813994401774335,-0.5227929475968927,1.360403373132164,-0.910188754803855,-0.5622990970615973,0.3630156600903528,🔴 Descartar
CSCO,"Cisco Systems, Inc.",Technology,109.2,-15.93,19.49,1.01,27.72,52.1,17.6,137.62,26.03,-0.3225387591705803,-0.26596529256714724,-0.45533259286167993,0.4689050262268448,-0.008881090659353797,-0.5697760059338745,0.36128851191926936,🔴 Descartar
SYK,Stryker Corporation,Healthcare,303.13,-22.74,18.09,1.29,27.02,44.1,9.4,382.72,26.26,-0.149099480628786,-0.306922212976447,-0.6281997518706625,0.00932109417345926,0.005697022051844208,-0.6366600177750021,0.3460019366823327,🔴 Descartar
VRT,"Vertiv Holdings, LLC",Industrials,280.53,-26.15,30.75,0.95,20.36,53.0,24.1,338.15,20.54,-0.35970431885810766,-0.6965980557277854,-0.3183037473057792,-0.22080830498983664,-0.35685430276577523,-0.7116784297271929,0.32922807470519655,🔴 Descartar
GS,"Goldman Sachs Group, Inc. (The)",Financial Services,1038.61,-9.56,14.03,1.28,42.18,92.3,42.5,1141.65,9.92,-0.15529374057670722,0.5800876633163894,0.06959329242169357,0.89879484225916,-1.0299828114306557,-0.9422945843845054,0.2804370803353862,🔴 Descartar
BLK,"BlackRock, Inc.",Financial Services,1122.29,-6.52,17.45,0.94,35.08,19.6,30.6,1320.81,17.69,-0.3658985788060289,0.16466747059349102,-0.18127490174987848,1.1039541893138285,-0.5374961341871414,-0.9452573038293631,0.2798396159744664,🔴 Descartar
CORT,Corcept Therapeutics Incorporat,Healthcare,111.62,-11.68,25.35,0.81,16.12,24.1,31.7,141.0,26.32,-0.44642395812900476,-0.9446799736355443,-0.15808540480964917,0.755723192339457,0.009500007976504469,-1.1056748391958156,0.24867811124718683,🔴 Descartar
CAT,"Caterpillar, Inc.",Industrials,813.94,-24.04,25.14,1.42,22.18,68.2,24.0,975.61,19.86,-0.06857410130581014,-0.5901100626636059,-0.32041188339125465,-0.07841152134333981,-0.3999548099119258,-1.2070948786444897,0.23021548230091982,🔴 Descartar
URI,"United Rentals, Inc.",Industrials,1009.86,-14.21,17.66,1.31,25.99,25.5,11.8,1272.43,26.0,-0.13671096073294353,-0.36718739586441684,-0.5776044858192528,0.5849820252183019,-0.010782583621684041,-1.211424549743724,0.2294490903508254,🔴 Descartar
INTC,Intel Corporation,Technology,95.8,-32.7,46.91,1.36,12.19,0.0,25.4,115.78,20.86,-0.10573966099333738,-1.1746238267906135,-0.2908979781945991,-0.6628457139398628,-0.3365717111675867,-1.211908958644775,0.2293634570134042,🔴 Descartar
SPGI,S&P Global Inc.,Financial Services,443.51,-14.53,21.94,1.95,44.79,17.7,10.4,520.3,17.31,0.25972167593401474,0.7327984665567787,-0.6071183910159085,0.5633863044757053,-0.5615817117099904,-1.2151584834015092,0.2287895896522075,🔴 Descartar
MSFT,Microsoft Corporation,Technology,499.7,-9.01,21.2,1.62,45.11,31.7,17.7,572.92,14.65,0.05531109765261445,0.7515216301724588,-0.45322445677620454,0.935912487285498,-0.7301807543699321,-1.2712438119636564,0.21904440634208097,🔴 Descartar
MCO,Moody's Corporation,Financial Services,493.55,-9.15,26.07,1.84,49.47,56.7,15.1,561.9,13.85,0.19158481650688136,1.0066247344360977,-0.5080359949985648,0.926464359460612,-0.7808872333654033,-1.2872384648250015,0.21632059606708107,🔴 Descartar
ABBV,AbbVie Inc.,Healthcare,256.46,-4.12,15.75,0.36,40.03,290.4,10.2,276.59,7.85,-0.7251656557854598,0.45429140777354,-0.6113346631868593,1.2659220948833034,-1.1611858258314374,-1.4884414154749495,0.1841557776783039,🔴 Descartar
NEE,"NextEra Energy, Inc.",Utilities,83.43,-14.26,19.01,1.68,31.52,53.1,12.4,98.39,17.93,0.0924766573401417,-0.04362772463094807,-0.5649556693064005,0.5816076938522712,-0.5222841904885,-1.814935863906485,0.14004263940400147,🔴 Descartar
TPL,Texas Pacific Land Corporation,Energy,362.42,-33.48,4.96,7.33,78.18,32.7,31.2,442.0,21.96,3.592233527915633,2.6864435700803813,-0.16862608523702616,-0.7154852832499418,-0.2668503025488137,-1.8530753399262312,0.1355122210547644,🔴 Descartar
CGNX,Cognex Corporation,Technology,62.25,-14.47,30.75,2.71,29.36,79.2,16.9,80.05,28.6,0.7304854319760278,-0.17000907903678758,-0.47008954546000775,0.5674355021149421,0.15401347311359756,-1.927311979669966,0.12704840193033512,🔴 Descartar
TDY,Teledyne Technologies Incorpora,Technology,610.65,-12.47,22.85,1.4,20.2,21.2,9.8,757.25,24.01,-0.0809626212016526,-0.7059596375356254,-0.6197672075287608,0.7024087567561713,-0.13691495012291863,-2.0176088777622567,0.11736646446301725,🔴 Descartar
ZBRA,Zebra Technologies Corporation,Technology,362.74,-6.08,16.35,0.61,21.26,121.5,20.4,412.87,13.82,-0.5703091570874292,-0.6439391580586855,-0.3963047824683689,1.1336483053348987,-0.7827887263277334,-2.1911073337819467,0.10055190064310533,🔴 Descartar
EXPE,"Expedia Group, Inc.",Consumer Cyclical,298.04,-12.73,12.22,0.78,18.98,188.7,14.0,339.81,14.01,-0.4650067379727684,-0.777341698820405,-0.5312254919387942,0.6848622336528116,-0.7707459375663092,-2.2379937018817397,0.09639014699691771,🔴 Descartar
AMZN,"Amazon.com, Inc.",Consumer Cyclical,258.51,-9.99,24.86,1.51,13.69,242.3,19.6,328.17,26.95,-0.012825761774519074,-1.0868589973421139,-0.413169871152172,0.8697755925112957,0.049431360185438,-2.2580162774352437,0.09466023668855206,🔴 Descartar
SPOT,Spotify Technology S.A.,Communication Services,542.43,-27.19,30.11,1.53,13.71,0.0,13.9,614.23,13.24,-0.0004372418786766147,-1.0856887996161337,-0.5333336280242696,-0.29099439740327604,-0.8195509235994501,-2.4923589305643796,0.07639558645125286,🔴 Descartar
CVX,Chevron Corporation,Energy,208.6,-2.16,15.53,0.92,21.87,321.9,53.5,221.21,6.04,-0.37828709870187127,-0.6082481274162957,0.3014882618239871,1.3981958844317082,-1.2759092345586913,-2.5478883177551985,0.07256847820572229,🔴 Descartar
MNST,Monster Beverage Corporation,Consumer Defensive,43.82,-12.66,33.48,2.25,29.18,18.0,20.2,50.26,14.7,0.44554947437165154,-0.1805408585706075,-0.4005210546393197,0.6895862975652546,-0.7270115994327152,-2.691289149016717,0.06348932441121634,🔴 Descartar
LIN,Linde plc,Basic Materials,477.57,-12.6,24.42,1.85,28.12,11.3,9.3,544.54,14.02,0.1977790764548026,-0.24256133804754718,-0.6303078879561378,0.6936354952044915,-0.7701121065788658,-2.70649858132758,0.06259097696114002,🔴 Descartar
SHOP,Shopify Inc.,Technology,145.09,-20.36,59.15,2.61,17.55,68.1,33.7,171.15,17.96,0.6685428324968156,-0.8610108362279747,-0.11592268310014119,0.169939267196522,-0.5203826975261698,-2.792985050889839,0.057704429785342515,🔴 Descartar
HD,"Home Depot, Inc. (The)",Consumer Cyclical,321.05,-22.64,20.02,1.79,12.86,4.6,5.7,377.5,17.58,0.16061351676727523,-1.1354222029702836,-0.706200787033252,0.016069756905520576,-0.5444682750490188,-2.9025193232305235,0.05202916436095692,🔴 Descartar
DHR,Danaher Corporation,Healthcare,207.66,-14.11,22.34,1.24,19.78,59.7,5.5,229.09,10.32,-0.18007078036839214,-0.7305337897812052,-0.7104170592042028,0.5917306879503634,-1.0046295719329201,-3.0265692049776045,0.046239895837241037,🔴 Descartar
O,Realty Income Corporation,Real Estate,61.25,-8.0,39.3,3.09,46.97,69.2,9.6,68.16,11.29,0.9658673099970343,0.8603500186885983,-0.6239834796997116,1.0040739808793189,-0.9431479661509113,-3.032521709026488,0.045978087804284674,🔴 Descartar
XOM,ExxonMobil Holdings Corporation,Energy,159.47,-8.4,14.79,1.37,15.86,112.8,44.1,170.91,7.17,-0.09954540104541615,-0.9598925440732844,0.10332346978929993,0.9770793299510729,-1.204286332977588,-3.133840764378417,0.04173273996307422,🔴 Descartar
MDT,Medtronic plc.,Healthcare,94.17,-9.24,14.72,1.69,19.33,40.7,13.7,104.76,11.25,0.09867091728806292,-0.7568632386157552,-0.5375499001952204,0.9203905630017567,-0.9456832901006849,-3.5052869363182144,0.02916217518827676,🔴 Descartar
AXTI,AXT Inc,Technology,61.64,-56.94,27.69,12.09,21.9,0.0,164.8,91.6,48.6,6.540701263126136,-0.6064928308273259,2.647843724958103,-2.2987215601915607,1.4216754480003784,-3.509187707655186,0.029051940154573574,🔴 Descartar
LECO,"Lincoln Electric Holdings, Inc.",Industrials,276.44,-10.27,22.09,1.56,18.24,12.5,12.0,304.91,10.3,0.018145537965087076,-0.820639014681665,-0.5733882136483021,0.8508793368615236,-1.005897233907807,-3.5161699668342816,0.02885563142769629,🔴 Descartar
ROK,"Rockwell Automation, Inc.",Industrials,433.81,-12.51,29.22,1.91,20.97,40.4,7.9,478.62,10.33,0.23494463614232985,-0.6609070250853957,-0.6598217931527933,0.6997092916633468,-1.0039957409454767,-3.606242182510174,0.026435862685005106,🔴 Descartar
RTX,RTX Corporation,Industrials,200.79,-11.32,25.56,2.33,12.7,28.7,14.5,234.82,16.95,0.49510355395502137,-1.1447837847781237,-0.5206848115114172,0.7800183781748782,-0.5843996272579524,-3.950885221121568,0.018874562151549767,🔴 Descartar
OKTA,"Okta, Inc.",Technology,170.6,-2.43,38.96,1.41,13.29,75.7,10.6,182.37,6.9,-0.07476836125373137,-1.1102629518617138,-0.6029021188449576,1.3799744950551422,-1.2213997696385597,-4.513152077162668,0.010844944452286726,🔴 Descartar
GE,GE Aerospace,Industrials,337.12,-13.3,37.15,4.31,20.57,19.4,21.1,404.9,20.11,1.7215670236434233,-0.6843109796049954,-0.3815478298700411,0.6463948560800612,-0.384109035225841,-4.704323440113823,0.008974763291260922,🔴 Descartar
UBER,"Uber Technologies, Inc.",Technology,75.76,-25.72,17.29,6.42,13.32,85.5,12.2,101.81,34.38,3.028555872654802,-1.1085076552727438,-0.5691719414773513,-0.19178905524197237,0.5203677838558772,-5.450043862204167,0.004277738587235886,🔴 Descartar
