Ticker,Nombre,Sector,Precio_Actual,Dif_%_vs_Max,PE_Actual,PEG_Ratio,Margen_Op_%,Crec_EPS_%,Crec_Ventas_%,Target_WallSt,Upside_B5_%
ADYEN.AS,ADYEN,Technology,1026.6,-35.87,21.41,1.05,43.62,12.9,18.9,1385.25,34.94
UBER,"Uber Technologies, Inc.",Technology,75.76,-25.72,17.29,6.42,13.32,85.5,12.2,101.81,34.38
ADP,"Automatic Data Processing, Inc.",Technology,277.62,-5.73,20.72,2.58,23.46,9.8,6.8,287.6,3.59
DSY.PA,DASSAULT SYSTEMES,Technology,21.02,-29.83,14.64,3.13,23.4,31.8,2.2,23.71,12.8
UNH,UnitedHealth Group Incorporated,Healthcare,397.14,-13.97,17.7,1.08,7.13,61.5,0.4,475.23,19.66
TEM,"Tempus AI, Inc.",Healthcare,64.62,-38.06,-2689.14,,-20.11,0.0,21.6,67.47,4.41
OSCR,"Oscar Health, Inc.",Healthcare,32.25,-3.87,17.14,,7.96,0.0,70.4,30.4,-5.74
HIMS,"Hims & Hers Health, Inc.",Healthcare,27.71,-57.56,36.35,2.53,-12.75,0.0,38.2,31.23,12.71
DECK,Deckers Outdoor Corporation,Consumer Cyclical,85.81,-31.29,10.26,1.05,15.23,1.1,5.7,122.81,43.12
ADBE,Adobe Inc.,Technology,266.51,-28.14,9.69,0.65,35.33,7.9,12.7,276.58,3.78
ACN,Accenture plc,Technology,186.72,-34.53,12.74,1.36,16.96,9.0,5.6,184.19,-1.36
DLO,DLocal Limited,Technology,15.52,-5.95,13.57,,16.05,28.6,55.8,18.7,20.49
FDS,FactSet Research Systems Inc.,Financial Services,301.96,-18.49,15.32,1.34,30.54,-9.6,6.4,259.06,-14.21
WKL.AS,WOLTERS KLUWER,Industrials,68.86,-38.92,10.95,1.73,26.87,8.9,-0.6,89.43,29.88
LULU,lululemon athletica inc.,Consumer Cyclical,100.61,-55.48,10.87,0.77,13.21,-5.9,-4.3,110.75,10.08
NVO,Novo Nordisk A/S,Healthcare,46.6,-23.74,13.63,3.3,42.54,-20.6,2.1,47.2,1.28
GEV,GE Vernova Inc.,Industrials,941.95,-21.24,37.27,1.84,7.47,32.8,21.9,1236.43,31.26
BE,Bloom Energy Corporation,Industrials,252.87,-28.01,51.39,0.57,17.11,0.0,165.5,275.08,8.79
VRT,"Vertiv Holdings, LLC",Industrials,280.53,-26.15,30.75,0.95,20.36,53.0,24.1,338.15,20.54
CEG,Constellation Energy Corporatio,Utilities,298.96,-27.16,22.41,3.74,8.66,-46.8,23.0,348.3,16.51
NEE,"NextEra Energy, Inc.",Utilities,83.43,-14.26,19.01,1.68,31.52,53.1,12.4,98.39,17.93
SRE,DBA Sempra,Utilities,84.04,-16.23,15.18,0.7,28.33,71.3,-0.1,101.82,21.16
VST,Vistra Corp.,Utilities,149.3,-31.8,14.4,0.37,13.77,-6.2,-5.5,217.42,45.63
V,Visa Inc.,Financial Services,375.07,-2.72,25.0,1.7,66.13,10.2,14.4,419.36,11.81
MA,Mastercard Incorporated,Financial Services,579.21,-3.66,25.15,1.51,61.11,22.1,14.1,670.92,15.83
MCO,Moody's Corporation,Financial Services,493.55,-9.15,26.07,1.84,49.47,56.7,15.1,561.9,13.85
SPGI,S&P Global Inc.,Financial Services,443.51,-14.53,21.94,1.95,44.79,17.7,10.4,520.3,17.31
ISRG,"Intuitive Surgical, Inc.",Healthcare,366.7,-39.28,30.38,1.6,33.6,26.5,18.5,478.01,30.35
AXON,"Axon Enterprise, Inc.",Industrials,515.67,-34.9,48.77,2.37,5.17,-18.2,35.3,693.4,34.47
ABNB,"Airbnb, Inc.",Consumer Cyclical,181.94,-5.95,29.61,1.73,21.01,33.4,16.5,179.46,-1.36
ANET,"Arista Networks, Inc.",Technology,193.78,-9.82,37.55,1.45,45.39,35.7,37.7,241.04,24.39
BSX,Boston Scientific Corporation,Healthcare,47.8,-56.35,13.92,0.66,22.9,15.1,7.5,62.69,31.15
TTD,"The Trade Desk, Inc.",Communication Services,14.43,-74.41,14.5,1.06,14.21,-23.6,3.0,13.55,-6.08
NOW,"ServiceNow, Inc.",Technology,141.26,-27.46,28.22,1.02,4.06,-21.9,24.0,141.84,0.41
CRM,"Salesforce, Inc.",Technology,259.23,-3.37,16.19,1.05,21.38,118.9,10.8,272.13,4.98
SCHW,Charles Schwab Corporation (The,Financial Services,109.29,-4.58,14.0,0.92,52.28,42.6,20.9,124.95,14.33
BLK,"BlackRock, Inc.",Financial Services,1122.29,-6.52,17.45,0.94,35.08,19.6,30.6,1320.81,17.69
GS,"Goldman Sachs Group, Inc. (The)",Financial Services,1038.61,-9.56,14.03,1.28,42.18,92.3,42.5,1141.65,9.92
XOM,ExxonMobil Holdings Corporation,Energy,159.47,-8.4,14.79,1.37,15.86,112.8,44.1,170.91,7.17
CVX,Chevron Corporation,Energy,208.6,-2.16,15.53,0.92,21.87,321.9,53.5,221.21,6.04
CAT,"Caterpillar, Inc.",Industrials,813.94,-24.04,25.14,1.42,22.18,68.2,24.0,975.61,19.86
DE,Deere & Company,Industrials,693.53,-1.75,30.57,1.61,17.48,-8.5,-11.1,685.19,-1.2
FIX,"Comfort Systems USA, Inc.",Industrials,1610.34,-22.28,26.76,0.54,7.89,38.8,1.0,2197.0,36.43
ETN,"Eaton Corporation, PLC",Industrials,410.85,-14.05,25.47,2.5,16.56,-15.9,21.4,475.57,15.75
HON,Honeywell International Inc.,Industrials,209.61,-18.78,21.06,3.38,20.25,263.9,4.3,263.41,25.67
WM,"Waste Management, Inc.",Industrials,218.99,-11.39,24.01,2.0,18.99,8.3,4.0,259.92,18.69
SMCI,"Super Micro Computer, Inc.",Technology,39.59,-32.65,7.43,0.91,13.38,434.7,93.2,42.38,7.03
ALAB,"Astera Labs, Inc.",Technology,310.4,-37.85,48.55,,22.74,186.2,104.5,389.95,25.63
CORT,Corcept Therapeutics Incorporat,Healthcare,111.62,-11.68,25.35,0.81,16.12,24.1,31.7,141.0,26.32
ONTO,Onto Innovation Inc.,Technology,268.01,-30.65,23.0,0.76,22.97,75.4,35.3,388.45,44.94
AX,"Axos Financial, Inc.",Financial Services,97.95,-7.37,9.07,0.95,45.03,12.4,18.1,119.14,21.64
VIV,Telefonica Brasil S.A.,Communication Services,11.66,-28.77,11.05,0.81,17.64,18.5,7.6,15.11,29.61
GHM,Graham Corporation,Industrials,87.78,-30.23,38.75,2.53,6.63,-21.4,28.6,130.75,48.95
SLAB,"Silicon Laboratories, Inc.",Technology,220.58,-0.86,50.58,3.12,-4.67,0.0,18.3,222.86,1.03
LSCC,Lattice Semiconductor Corporati,Technology,115.9,-26.18,36.07,0.59,13.33,600.0,62.2,164.54,41.97
LASR,"nLIGHT, Inc.",Technology,40.06,-53.93,63.59,1.78,-4.32,0.0,33.8,88.86,121.81
SITM,SiTime Corporation,Technology,612.09,-32.13,41.01,3.82,10.62,0.0,126.5,862.78,40.96
MCHP,Microchip Technology Incorporat,Technology,74.17,-29.19,16.25,0.22,23.96,0.0,38.0,108.64,46.47
MRVL,"Marvell Technology, Inc.",Technology,223.55,-32.22,33.26,1.19,16.68,50.0,36.5,285.0,27.49
BAM,Brookfield Asset Management Inc,Financial Services,50.6,-15.93,23.31,1.35,68.74,47.4,60.8,57.19,13.03
DHR,Danaher Corporation,Healthcare,207.66,-14.11,22.34,1.24,19.78,59.7,5.5,229.09,10.32
QSR,Restaurant Brands International,Consumer Cyclical,80.17,-2.09,18.1,1.24,27.74,151.2,4.6,85.92,7.17
BABA,Alibaba Group Holding Limited,Consumer Cyclical,113.24,-40.69,12.2,0.53,7.29,-79.4,8.6,187.08,65.21
GE,GE Aerospace,Industrials,337.12,-13.3,37.15,4.31,20.57,19.4,21.1,404.9,20.11
CPNG,"Coupang, Inc.",Consumer Cyclical,15.29,-55.13,56.12,1.24,-6.28,0.0,3.9,23.66,54.71
EXPE,"Expedia Group, Inc.",Consumer Cyclical,298.04,-12.73,12.22,0.78,18.98,188.7,14.0,339.81,14.01
ROK,"Rockwell Automation, Inc.",Industrials,433.81,-12.51,29.22,1.91,20.97,40.4,7.9,478.62,10.33
ZBRA,Zebra Technologies Corporation,Technology,362.74,-6.08,16.35,0.61,21.26,121.5,20.4,412.87,13.82
CGNX,Cognex Corporation,Technology,62.25,-14.47,30.75,2.71,29.36,79.2,16.9,80.05,28.6
PATH,"UiPath, Inc.",Technology,15.19,-23.44,16.47,0.55,9.12,2280.8,13.4,16.47,8.41
PEGA,Pegasystems Inc.,Technology,37.36,-44.88,14.13,2.99,4.6,-52.9,9.4,43.36,16.05
MDT,Medtronic plc.,Healthcare,94.17,-9.24,14.72,1.69,19.33,40.7,13.7,104.76,11.25
PRCT,PROCEPT BioRobotics Corporation,Healthcare,22.76,-45.17,-19.74,,-32.05,0.0,19.3,21.64,-4.94
OMCL,"Omnicell, Inc.",Healthcare,34.37,-37.51,16.44,15.4,5.91,333.3,7.5,57.86,68.34
SYK,Stryker Corporation,Healthcare,303.13,-22.74,18.09,1.29,27.02,44.1,9.4,382.72,26.26
TER,"Teradyne, Inc.",Technology,357.03,-26.8,30.64,0.65,33.16,385.8,103.9,446.47,25.05
LECO,"Lincoln Electric Holdings, Inc.",Industrials,276.44,-10.27,22.09,1.56,18.24,12.5,12.0,304.91,10.3
OII,"Oceaneering International, Inc.",Energy,51.4,-5.25,22.16,8.01,11.49,20.4,10.0,46.0,-10.51
PTC,PTC Inc.,Technology,141.02,-34.56,15.83,1.32,28.23,-12.0,-6.8,173.35,22.93
QCOM,QUALCOMM Incorporated,Technology,168.74,-34.49,16.51,0.75,18.53,-23.0,-4.0,193.9,14.91
AVAV,"AeroVironment, Inc.",Industrials,144.65,-65.38,32.94,1.57,2.81,0.0,133.3,225.77,56.08
TDY,Teledyne Technologies Incorpora,Technology,610.65,-12.47,22.85,1.4,20.2,21.2,9.8,757.25,24.01
KTOS,Kratos Defense & Security Solut,Industrials,47.82,-64.31,42.8,36.41,-0.17,7.4,30.5,105.62,120.87
NOC,Northrop Grumman Corporation,Industrials,514.98,-32.87,16.92,3.41,11.6,-5.8,5.1,647.14,25.66
GD,General Dynamics Corporation,Industrials,359.39,-10.15,19.34,2.22,10.38,13.4,8.1,420.02,16.87
RTX,RTX Corporation,Industrials,200.79,-11.32,25.56,2.33,12.7,28.7,14.5,234.82,16.95
LHX,"L3Harris Technologies, Inc.",Industrials,256.45,-31.54,19.05,1.28,9.73,-6.1,190.0,344.54,34.35
APP,Applovin Corporation,Communication Services,320.56,-57.01,15.28,0.69,77.68,57.0,52.8,514.48,60.5
IREN,IREN LIMITED,Financial Services,44.68,-41.88,-168.6,3.11,-102.47,0.0,-26.7,77.84,74.23
AMAT,"Applied Materials, Inc.",Technology,454.71,-38.46,24.62,0.9,33.74,42.8,24.8,640.89,40.94
KLAC,KLA Corporation,Technology,185.6,-39.55,27.75,1.77,42.49,13.8,15.2,233.77,25.95
RMBS,"Rambus, Inc.",Technology,85.46,-50.91,22.97,3.8,36.67,15.1,20.4,147.86,73.01
SIMO,Silicon Motion Technology Corpo,Technology,256.21,-27.68,16.14,0.7,22.42,733.8,127.0,369.7,44.3
ARM,Arm Holdings plc,Technology,252.09,-44.31,82.28,2.07,7.6,108.3,22.4,288.36,14.39
SNPS,"Synopsys, Inc.",Technology,393.84,-36.04,22.49,2.11,14.52,89.3,42.4,544.97,38.37
CRDO,Credo Technology Group Holding ,Technology,170.57,-44.74,17.72,,25.2,97.1,114.7,281.39,64.97
GLW,Corning Incorporated,Technology,154.3,-43.12,35.71,0.92,15.65,18.5,16.6,191.4,24.04
AMKR,"Amkor Technology, Inc.",Technology,47.77,-50.5,17.02,0.76,10.53,218.2,25.6,76.4,59.93
PWR,"Quanta Services, Inc.",Industrials,624.41,-20.82,31.79,1.41,7.22,94.7,41.1,770.04,23.32
CCJ,Cameco Corporation,Energy,100.74,-25.51,53.23,1.92,9.11,-92.1,-7.2,131.18,30.22
BWXT,"BWX Technologies, Inc.",Industrials,157.59,-34.64,29.92,1.67,10.39,14.1,18.0,228.88,45.24
UUUU,Energy Fuels Inc,Energy,14.47,-48.14,29.84,,-79.03,0.0,496.1,24.15,66.9
TMQ,Trilogy Metals Inc.,Basic Materials,3.3,-70.77,-35.95,,0.0,0.0,0.0,6.64,101.25
UAMY,United States Antimony Corporat,Basic Materials,5.2,-73.62,49.52,,-88.08,-49.4,-24.7,10.44,100.72
MP,MP Materials Corp.,Basic Materials,54.53,-45.61,61.62,,-14.72,0.0,119.7,75.38,38.23
FCX,"Freeport-McMoRan, Inc.",Basic Materials,72.73,-9.36,17.59,4.54,33.4,28.1,-7.3,72.05,-0.94
TECK,Teck Resources Ltd,Basic Materials,69.1,-3.93,19.17,3.75,44.1,324.4,78.2,54.3,-21.42
SCCO,Southern Copper Corporation,Basic Materials,198.76,-9.97,27.32,5.41,61.16,71.6,40.6,171.44,-13.75
IONQ,"IonQ, Inc.",Technology,39.52,-53.31,-32.53,,-408.17,0.0,286.8,67.68,71.24
RGTI,"Rigetti Computing, Inc.",Technology,15.2,-73.86,-73.79,,-546.17,0.0,185.3,28.81,89.56
COIN,"Coinbase Global, Inc.",Financial Services,184.64,-54.09,67.44,0.82,-13.92,0.0,-17.3,198.97,7.76
SPOT,Spotify Technology S.A.,Communication Services,542.43,-27.19,30.11,1.53,13.71,0.0,13.9,614.23,13.24
DDOG,"Datadog, Inc.",Technology,212.93,-27.26,71.73,1.08,0.67,1498.5,35.6,285.18,33.93
RXRX,"Recursion Pharmaceuticals, Inc.",Healthcare,3.63,-49.44,-4.06,,-1759.69,0.0,-60.1,7.22,98.81
POET,POET Technologies Inc.,Technology,7.92,-61.94,-46.59,,-3542.65,0.0,112.3,14.75,86.24
RBLX,Roblox Corporation,Communication Services,43.31,-69.5,-35.84,8.18,-13.27,0.0,35.9,48.32,11.58
CRCL,"Circle Internet Group, Inc.",Financial Services,102.05,-36.01,64.14,4.34,4.9,0.0,6.6,103.55,1.47
BMNR,"BitMine Immersion Technologies,",Financial Services,24.97,-61.92,26.56,,8.42,0.0,2167.8,33.53,34.29
ACHR,Archer Aviation Inc.,Industrials,5.71,-60.94,-7.07,,-5514.0,0.0,0.0,10.61,85.83
BEAM,Beam Therapeutics Inc.,Healthcare,29.66,-22.48,-6.26,,-25827.14,0.0,-94.2,52.15,75.84
MOH,Molina Healthcare Inc,Healthcare,200.8,-18.0,20.62,0.93,1.4,-75.3,-5.7,209.12,4.14
ENB,Enbridge Inc,Energy,50.09,-13.12,21.71,5.75,10.16,-36.0,97.1,53.2,6.21
TOST,"Toast, Inc.",Technology,33.95,-19.45,19.59,0.23,7.44,100.0,23.1,38.92,14.65
AMGN,Amgen Inc.,Healthcare,437.23,-2.19,17.91,2.11,35.55,64.9,9.5,389.69,-10.87
FOX,Fox Corporation,Communication Services,58.42,-13.42,10.17,,25.21,3.1,28.1,58.42,0.0
UTHR,United Therapeutics Corporation,Healthcare,487.61,-19.98,16.24,2.22,42.23,13.4,-1.9,664.33,36.24
GOLD,"Gold.com, Inc.",Financial Services,46.13,-30.25,12.37,,0.44,0.6,99.2,64.4,39.61
JNJ,Johnson & Johnson,Healthcare,275.23,-2.08,22.36,4.38,29.19,-0.9,6.6,275.64,0.15
HD,"Home Depot, Inc. (The)",Consumer Cyclical,321.05,-22.64,20.02,1.79,12.86,4.6,5.7,377.5,17.58
ABBV,AbbVie Inc.,Healthcare,256.46,-4.12,15.75,0.36,40.03,290.4,10.2,276.59,7.85
O,Realty Income Corporation,Real Estate,61.25,-8.0,39.3,3.09,46.97,69.2,9.6,68.16,11.29
BLDR,"Builders FirstSource, Inc.",Industrials,65.79,-56.44,14.73,2.02,3.33,0.0,-8.8,80.71,22.68
TPL,Texas Pacific Land Corporation,Energy,362.42,-33.48,4.96,7.33,78.18,32.7,31.2,442.0,21.96
FICO,Fair Isaac Corporation,Technology,932.26,-53.34,17.57,0.65,53.79,41.2,25.7,1463.84,57.02
DPZ,Domino's Pizza Inc,Consumer Cyclical,341.08,-25.59,16.34,1.55,19.08,6.8,4.3,380.64,11.6
URI,"United Rentals, Inc.",Industrials,1009.86,-14.21,17.66,1.31,25.99,25.5,11.8,1272.43,26.0
BKNG,Booking Holdings Inc. Common St,Consumer Cyclical,193.29,-13.94,15.62,0.71,34.41,130.0,8.1,238.68,23.48
MNST,Monster Beverage Corporation,Consumer Defensive,43.82,-12.66,33.48,2.25,29.18,18.0,20.2,50.26,14.7
WDAY,"Workday, Inc.",Technology,195.79,-21.64,14.82,0.72,11.82,206.0,12.8,207.1,5.78
SOFI,"SoFi Technologies, Inc.",Financial Services,18.22,-44.33,22.16,0.66,16.96,40.4,42.6,20.26,11.21
NU,Nu Holdings Ltd.,Financial Services,15.37,-19.02,13.41,0.71,50.15,66.3,52.1,18.78,22.2
NVDA,NVIDIA Corporation,Technology,230.36,-2.5,14.84,0.59,66.24,127.8,105.9,327.13,42.01
AMD,"Advanced Micro Devices, Inc.",Technology,477.57,-18.33,30.79,0.49,17.25,159.5,50.1,613.84,28.54
TSM,Taiwan Semiconductor Manufactur,Technology,428.91,-10.46,19.62,0.81,60.34,77.4,36.0,552.38,28.79
AVGO,Broadcom Inc.,Technology,357.9,-27.58,18.47,0.35,54.31,215.3,85.5,533.41,49.04
MU,"Micron Technology, Inc.",Technology,1016.59,-18.98,6.56,0.15,80.37,1368.5,345.7,1513.11,48.84
ASML,ASML Holding N.V. - New York Re,Technology,1714.88,-14.14,28.56,1.53,37.06,28.5,21.3,2167.96,26.42
LRCX,Lam Research Corporation,Technology,307.65,-29.84,26.58,1.43,37.39,34.8,30.0,370.87,20.55
PANW,"Palo Alto Networks, Inc.",Technology,333.26,-16.45,68.25,1.7,5.04,0.0,34.4,390.5,17.18
CRWD,"CrowdStrike Holdings, Inc.",Technology,213.1,-8.88,132.89,6.82,-2.26,0.0,25.8,231.54,8.65
FTNT,"Fortinet, Inc.",Technology,156.29,-10.12,41.44,1.71,33.6,43.9,25.6,162.29,3.84
ZS,"Zscaler, Inc.",Technology,169.8,-49.61,30.39,1.85,-1.01,0.0,24.9,206.34,21.52
OKTA,"Okta, Inc.",Technology,170.6,-2.43,38.96,1.41,13.29,75.7,10.6,182.37,6.9
SNOW,Snowflake Inc.,Technology,337.18,-12.32,113.39,8.51,-17.0,0.0,35.1,413.29,22.57
PLTR,Palantir Technologies Inc.,Technology,174.33,-15.99,74.95,1.68,47.12,215.4,92.8,193.88,11.21
LLY,Eli Lilly and Company,Healthcare,1149.36,-11.08,24.32,1.11,54.22,26.2,47.7,1315.56,14.46
VRTX,Vertex Pharmaceuticals Incorpor,Healthcare,546.12,-2.52,25.08,1.67,38.05,8.0,12.5,569.54,4.29
REGN,"Regeneron Pharmaceuticals, Inc.",Healthcare,827.72,-3.68,13.66,1.17,33.11,-4.5,16.7,840.43,1.54
AAPL,Apple Inc.,Technology,319.97,-7.06,33.42,2.52,32.62,28.7,16.4,323.86,1.22
MSFT,Microsoft Corporation,Technology,499.7,-9.01,21.2,1.62,45.11,31.7,17.7,572.92,14.65
GOOGL,Alphabet Inc.,Communication Services,338.46,-17.07,22.79,1.25,34.03,294.0,24.2,428.07,26.47
META,"Meta Platforms, Inc.",Communication Services,616.77,-21.75,17.64,0.82,34.83,-13.4,28.0,754.77,22.38
AMZN,"Amazon.com, Inc.",Consumer Cyclical,258.51,-9.99,24.86,1.51,13.69,242.3,19.6,328.17,26.95
MARA,"MARA Holdings, Inc.",Financial Services,11.31,-51.77,-9.83,0.1,-265.21,0.0,-26.7,17.99,59.09
RIOT,"Riot Platforms, Inc.",Financial Services,21.8,-28.1,-23.31,,-122.33,0.0,13.9,32.4,48.64
WMT,Walmart Inc.,Consumer Defensive,107.14,-20.54,33.17,4.09,3.45,-9.1,5.9,127.72,19.21
TGT,Target Corporation,Consumer Defensive,164.44,-3.7,17.23,2.05,6.04,100.5,5.3,161.91,-1.54
COST,Costco Wholesale Corporation,Consumer Defensive,915.74,-16.35,40.47,4.44,3.67,45.5,21.5,1072.2,17.09
NFLX,"Netflix, Inc.",Communication Services,78.25,-38.24,20.48,1.45,33.38,11.1,13.4,93.66,19.69
TSLA,"Tesla, Inc.",Consumer Cyclical,354.08,-29.02,164.03,4.23,1.41,-3.0,25.5,390.09,10.17
PYPL,"PayPal Holdings, Inc.",Financial Services,54.96,-29.85,9.5,0.91,16.97,-3.1,4.8,57.07,3.85
SHOP,Shopify Inc.,Technology,145.09,-20.36,59.15,2.61,17.55,68.1,33.7,171.15,17.96
SE,Sea Limited,Consumer Cyclical,112.09,-43.76,21.6,1.14,8.35,7.7,48.1,155.29,38.54
IBM,International Business Machines,Technology,234.89,-28.84,17.85,2.22,16.55,-1.8,1.1,245.35,4.45
QBTS,D-Wave Quantum Inc.,Technology,16.58,-64.53,-43.83,,-1732.06,0.0,-0.6,35.24,112.52
ONDS,Ondas Inc,Technology,7.62,-50.13,-381.0,,-166.3,0.0,1235.4,19.42,154.81
MVST,"Microvast Holdings, Inc.",Consumer Cyclical,0.69,-90.29,5.76,,-1.96,0.0,-4.5,4.5,551.23
ASTS,"AST SpaceMobile, Inc.",Technology,62.31,-53.45,-48.33,,-544.63,0.0,2626.6,79.61,27.76
NBIS,Nebius Group N.V.,Communication Services,226.39,-24.5,-75.53,0.54,-0.22,0.0,454.0,286.69,26.63
RKLB,Rocket Lab Corporation,Industrials,64.26,-57.44,1445.99,,-24.57,0.0,62.0,111.0,72.74
FSLR,"First Solar, Inc.",Technology,204.45,-36.3,8.85,0.38,42.64,23.3,-3.7,275.3,34.66
EC,Ecopetrol S.A.,Energy,17.25,-5.17,10.06,0.77,0.0,234.5,35.5,13.91,-19.37
PL,Planet Labs PBC,Industrials,18.12,-64.99,12671.33,,-12.0,0.0,58.1,35.36,95.16
BA,Boeing Company (The),Industrials,212.25,-16.55,51.51,1.53,0.0,0.0,8.0,274.85,29.49
IRDM,Iridium Communications Inc,Communication Services,47.21,-17.44,27.53,1.84,15.1,-55.0,3.8,42.0,-11.04
RDW,Redwire Corporation,Industrials,10.53,-60.47,-35.69,,-18.86,0.0,89.6,14.69,39.48
LIN,Linde plc,Basic Materials,477.57,-12.6,24.42,1.85,28.12,11.3,9.3,544.54,14.02
GFS,GlobalFoundries Inc.,Technology,45.21,-51.08,17.28,0.68,9.74,-26.8,5.8,76.0,68.1
COHR,Coherent Corp.,Technology,281.86,-35.94,20.2,0.92,11.83,0.0,33.7,415.36,47.36
LITE,Lumentum Holdings Inc.,Technology,881.26,-18.83,26.46,0.63,27.95,0.0,109.3,1148.43,30.32
INTC,Intel Corporation,Technology,95.8,-32.7,46.91,1.36,12.19,0.0,25.4,115.78,20.86
GENB,"Generate Biomedicines, Inc.",Healthcare,16.39,-27.7,-7.19,,-1134.21,0.0,-37.7,27.0,64.73
OUST,"Ouster, Inc.",Technology,36.43,-42.89,-291.44,,-46.58,0.0,55.9,59.4,63.05
PRME,"Prime Medicine, Inc.",Healthcare,3.7,-46.69,-4.19,,-3750.87,0.0,3.5,7.11,92.26
RVMD,"Revolution Medicines, Inc.",Healthcare,210.02,-6.37,-35.9,,0.0,0.0,0.0,250.46,19.26
NXP,Nuveen Select Tax Free Income P,Financial Services,14.02,-3.35,24.6,,95.34,0.0,16.0,14.02,0.0
TXN,Texas Instruments Incorporated,Technology,258.44,-22.23,24.28,0.92,42.58,51.8,22.8,324.71,25.64
ADI,"Analog Devices, Inc.",Technology,362.25,-18.51,22.17,0.54,39.5,163.5,39.6,470.25,29.81
CBRS,Cerebras Systems Inc.,Technology,210.05,-45.63,164.92,,-264.97,0.0,74.3,291.64,38.84
OSS,"One Stop Systems, Inc.",Technology,9.97,-52.25,90.64,,-15.21,0.0,62.3,19.0,90.57
PENG,"Penguin Solutions, Inc.",Technology,51.76,-42.4,15.48,,10.83,0.0,47.6,74.29,43.52
STRL,"Sterling Infrastructure, Inc.",Industrials,486.49,-51.63,19.16,0.6,20.05,116.5,90.1,876.0,80.07
ZETA,Zeta Global Holdings Corp.,Technology,31.35,-4.45,25.94,0.77,3.82,0.0,43.5,31.36,0.02
CSCO,"Cisco Systems, Inc.",Technology,109.2,-15.93,19.49,1.01,27.72,52.1,17.6,137.62,26.03
AXTI,AXT Inc,Technology,61.64,-56.94,27.69,12.09,21.9,0.0,164.8,91.6,48.6
SNDK,Sandisk Corporation,Technology,1740.0,-26.1,6.57,,78.47,0.0,371.6,2125.09,22.13
RDDT,"Reddit, Inc.",Communication Services,154.46,-45.41,15.94,0.77,28.79,177.8,61.1,213.1,37.97
LUNR,"Intuitive Machines, Inc.",Industrials,14.81,-68.32,-95.55,,-18.1,0.0,309.8,29.5,99.19
VIAV,Viavi Solutions Inc.,Technology,34.86,-42.31,17.87,1.34,14.31,326.5,52.5,61.43,76.22
AEVA,"Aeva Technologies, Inc.",Technology,15.69,-49.87,-9.76,,-563.23,0.0,11.3,30.0,91.2
SPIR,"Spire Global, Inc.",Industrials,11.98,-53.8,-30.72,,-107.31,0.0,-5.9,20.88,74.25
ARQQ,Arqit Quantum Inc.,Technology,21.37,-65.53,-20.16,,-4931.62,0.0,829.9,21.37,0.0
LAZR,Tema Photonics & Optical ETF,Tecnología,42.59,-16.19,53.16,,0.0,0.0,0.0,42.59,0.0
MTSI,MACOM Technology Solutions Hold,Technology,268.95,-35.8,31.72,2.05,23.34,166.7,35.8,395.33,46.99
GILT,Gilat Satellite Networks Ltd.,Technology,10.12,-51.65,13.2,4.99,9.53,-42.1,16.9,19.2,89.72
TWST,Twist Bioscience Corporation,Healthcare,124.72,-19.76,-196.93,,-30.65,0.0,23.2,108.6,-12.92
CLSK,"CleanSpark, Inc.",Financial Services,12.69,-46.25,-8.96,,-165.19,0.0,-30.5,23.81,87.61
LEU,Centrus Energy Corp.,Energy,173.89,-62.54,45.49,2.87,5.34,-51.6,14.0,248.28,42.78
SMR,NuScale Power Corporation,Industrials,9.7,-83.11,-14.88,,-85337.33,0.0,-99.1,12.63,30.24
ZTS,Zoetis Inc.,Healthcare,75.81,-50.2,11.61,7.05,40.72,1.2,-0.2,96.0,26.63
AAOI,"Applied Optoelectronics, Inc.",Technology,105.53,-54.84,22.93,0.78,-12.88,0.0,86.4,163.4,54.84
OKLO,Oklo Inc.,Utilities,41.27,-78.71,-41.1,,-6048.76,0.0,0.0,79.88,93.54
VPG,"Vishay Precision Group, Inc.",Technology,63.01,-58.49,35.2,1.79,0.52,0.0,11.7,93.33,48.12
SYM,Symbotic Inc.,Industrials,42.94,-51.14,55.44,5.3,4.59,0.0,21.7,64.32,49.79
INFQ,"Infleqtion, Inc.",Technology,12.85,-39.61,-57.14,,-214.64,0.0,156.5,21.33,66.02
USAR,"USA Rare Earth, Inc.",Basic Materials,17.61,-59.96,587.0,,-795.64,0.0,0.0,35.56,101.91
ROKU,"Roku, Inc.",Communication Services,155.59,-2.69,39.66,0.61,12.17,1442.9,21.9,162.33,4.33
CRSP,CRISPR Therapeutics AG,Healthcare,55.79,-28.91,-15.95,,-1127.55,0.0,1041.4,87.56,56.94
INSM,Insmed Incorporated,Healthcare,126.29,-40.64,157.42,1.09,-23.81,0.0,296.1,200.18,58.51
UI,Ubiquiti Inc.,Technology,579.66,-47.15,29.61,1.1,36.27,6.8,23.5,734.5,26.71
APLD,Applied Digital Corporation,Technology,26.37,-48.01,-105.48,1.83,-48.22,0.0,406.6,74.23,181.48
VSAT,"ViaSat, Inc.",Technology,75.32,-19.04,451.91,0.26,4.44,0.0,-1.2,103.94,38.0
PGY,Pagaya Technologies Ltd.,Technology,22.98,-48.92,5.54,0.04,27.33,143.3,18.6,28.91,25.8
BETR,Better Home & Finance Holding C,Financial Services,14.48,-84.61,-29.85,,-56.86,0.0,28.2,25.67,77.32
TMC,TMC the metals company Inc.,Basic Materials,4.44,-60.88,-18.5,,0.0,0.0,0.0,10.67,140.24
LTBR,Lightbridge Corporation,Industrials,7.58,-75.81,0.0,,0.0,0.0,0.0,7.58,0.0
GRAL,"GRAIL, Inc.",Healthcare,80.34,-32.4,-8.14,,-332.0,0.0,25.7,73.5,-8.51
OPEN,Opendoor Technologies Inc,Real Estate,3.15,-71.02,-66.67,,-15.86,0.0,-43.7,4.7,49.21
CIFR,Cipher Digital Inc.,Technology,17.74,-41.14,81.88,,-301.69,0.0,-43.0,32.18,81.38
NVTS,Navitas Semiconductor Corporati,Technology,11.8,-65.47,-93.64,,-254.97,0.0,-27.3,14.07,19.28
