Ticker,Nombre,Razón
ADP,"Automatic Data Processing, Inc.",Upside consenso < 5% (3.6%)
DSY.PA,DASSAULT SYSTEMES,Ventas estancadas (2.2%)
UNH,UnitedHealth Group Incorporated,Margen Op. bajo (7.1%)
TEM,"Tempus AI, Inc.",Margen Op. bajo (-20.1%)
OSCR,"Oscar Health, Inc.",Margen Op. bajo (8.0%)
HIMS,"Hims & Hers Health, Inc.",Margen Op. bajo (-12.8%)
ADBE,Adobe Inc.,Upside consenso < 5% (3.8%)
ACN,Accenture plc,Upside consenso < 5% (-1.4%)
DLO,DLocal Limited,PEG distorsionado
FDS,FactSet Research Systems Inc.,Contracción en utilidades (-9.6%)
WKL.AS,WOLTERS KLUWER,Ventas estancadas (-0.6%)
LULU,lululemon athletica inc.,Ventas estancadas (-4.3%)
NVO,Novo Nordisk A/S,Ventas estancadas (2.1%)
GEV,GE Vernova Inc.,Margen Op. bajo (7.5%)
CEG,Constellation Energy Corporatio,Margen Op. bajo (8.7%)
SRE,DBA Sempra,Ventas estancadas (-0.1%)
VST,Vistra Corp.,Ventas estancadas (-5.5%)
AXON,"Axon Enterprise, Inc.",Margen Op. bajo (5.2%)
ABNB,"Airbnb, Inc.",Upside consenso < 5% (-1.4%)
TTD,"The Trade Desk, Inc.",Precio < $15 USD
NOW,"ServiceNow, Inc.",Margen Op. bajo (4.1%)
CRM,"Salesforce, Inc.",Upside consenso < 5% (5.0%)
DE,Deere & Company,Ventas estancadas (-11.1%)
FIX,"Comfort Systems USA, Inc.",Margen Op. bajo (7.9%)
ETN,"Eaton Corporation, PLC",Contracción en utilidades (-15.9%)
HON,Honeywell International Inc.,Ventas estancadas (4.3%)
WM,"Waste Management, Inc.",Ventas estancadas (4.0%)
ALAB,"Astera Labs, Inc.",PEG distorsionado
VIV,Telefonica Brasil S.A.,Precio < $15 USD
GHM,Graham Corporation,Margen Op. bajo (6.6%)
SLAB,"Silicon Laboratories, Inc.",Margen Op. bajo (-4.7%)
LASR,"nLIGHT, Inc.",Margen Op. bajo (-4.3%)
SITM,SiTime Corporation,Margen Op. bajo (10.6%)
QSR,Restaurant Brands International,Ventas estancadas (4.6%)
BABA,Alibaba Group Holding Limited,Margen Op. bajo (7.3%)
CPNG,"Coupang, Inc.",Margen Op. bajo (-6.3%)
PATH,"UiPath, Inc.",Margen Op. bajo (9.1%)
PEGA,Pegasystems Inc.,Margen Op. bajo (4.6%)
PRCT,PROCEPT BioRobotics Corporation,Margen Op. bajo (-32.0%)
OMCL,"Omnicell, Inc.",Margen Op. bajo (5.9%)
OII,"Oceaneering International, Inc.",Margen Op. bajo (11.5%)
PTC,PTC Inc.,Ventas estancadas (-6.8%)
QCOM,QUALCOMM Incorporated,Ventas estancadas (-4.0%)
AVAV,"AeroVironment, Inc.",Margen Op. bajo (2.8%)
KTOS,Kratos Defense & Security Solut,Margen Op. bajo (-0.2%)
NOC,Northrop Grumman Corporation,Margen Op. bajo (11.6%)
GD,General Dynamics Corporation,Margen Op. bajo (10.4%)
LHX,"L3Harris Technologies, Inc.",Margen Op. bajo (9.7%)
IREN,IREN LIMITED,Cripto/Apalancado/Volátil
ARM,Arm Holdings plc,Margen Op. bajo (7.6%)
CRDO,Credo Technology Group Holding ,PEG distorsionado
AMKR,"Amkor Technology, Inc.",Margen Op. bajo (10.5%)
PWR,"Quanta Services, Inc.",Margen Op. bajo (7.2%)
CCJ,Cameco Corporation,Margen Op. bajo (9.1%)
BWXT,"BWX Technologies, Inc.",Margen Op. bajo (10.4%)
UUUU,Energy Fuels Inc,Precio < $15 USD
TMQ,Trilogy Metals Inc.,Cripto/Apalancado/Volátil
UAMY,United States Antimony Corporat,Cripto/Apalancado/Volátil
MP,MP Materials Corp.,Margen Op. bajo (-14.7%)
FCX,"Freeport-McMoRan, Inc.",Ventas estancadas (-7.3%)
TECK,Teck Resources Ltd,Upside consenso < 5% (-21.4%)
SCCO,Southern Copper Corporation,Upside consenso < 5% (-13.8%)
IONQ,"IonQ, Inc.",Margen Op. bajo (-408.2%)
RGTI,"Rigetti Computing, Inc.",Cripto/Apalancado/Volátil
COIN,"Coinbase Global, Inc.",Margen Op. bajo (-13.9%)
DDOG,"Datadog, Inc.",Margen Op. bajo (0.7%)
RXRX,"Recursion Pharmaceuticals, Inc.",Precio < $15 USD
POET,POET Technologies Inc.,Cripto/Apalancado/Volátil
RBLX,Roblox Corporation,Margen Op. bajo (-13.3%)
CRCL,"Circle Internet Group, Inc.",Margen Op. bajo (4.9%)
BMNR,"BitMine Immersion Technologies,",Margen Op. bajo (8.4%)
ACHR,Archer Aviation Inc.,Precio < $15 USD
BEAM,Beam Therapeutics Inc.,Margen Op. bajo (-25827.1%)
MOH,Molina Healthcare Inc,Margen Op. bajo (1.4%)
ENB,Enbridge Inc,Margen Op. bajo (10.2%)
TOST,"Toast, Inc.",Margen Op. bajo (7.4%)
AMGN,Amgen Inc.,Upside consenso < 5% (-10.9%)
FOX,Fox Corporation,Upside consenso < 5% (0.0%)
UTHR,United Therapeutics Corporation,Ventas estancadas (-1.9%)
GOLD,"Gold.com, Inc.",Margen Op. bajo (0.4%)
JNJ,Johnson & Johnson,Contracción en utilidades (-0.9%)
BLDR,"Builders FirstSource, Inc.",Margen Op. bajo (3.3%)
DPZ,Domino's Pizza Inc,Ventas estancadas (4.3%)
WDAY,"Workday, Inc.",Margen Op. bajo (11.8%)
PANW,"Palo Alto Networks, Inc.",Margen Op. bajo (5.0%)
CRWD,"CrowdStrike Holdings, Inc.",Margen Op. bajo (-2.3%)
FTNT,"Fortinet, Inc.",Upside consenso < 5% (3.8%)
ZS,"Zscaler, Inc.",Margen Op. bajo (-1.0%)
SNOW,Snowflake Inc.,Margen Op. bajo (-17.0%)
VRTX,Vertex Pharmaceuticals Incorpor,Upside consenso < 5% (4.3%)
REGN,"Regeneron Pharmaceuticals, Inc.",Contracción en utilidades (-4.5%)
AAPL,Apple Inc.,Upside consenso < 5% (1.2%)
META,"Meta Platforms, Inc.",Contracción en utilidades (-13.4%)
MARA,"MARA Holdings, Inc.",Cripto/Apalancado/Volátil
RIOT,"Riot Platforms, Inc.",Margen Op. bajo (-122.3%)
WMT,Walmart Inc.,Margen Op. bajo (3.5%)
TGT,Target Corporation,Margen Op. bajo (6.0%)
COST,Costco Wholesale Corporation,Margen Op. bajo (3.7%)
TSLA,"Tesla, Inc.",Margen Op. bajo (1.4%)
PYPL,"PayPal Holdings, Inc.",Ventas estancadas (4.8%)
SE,Sea Limited,Margen Op. bajo (8.3%)
IBM,International Business Machines,Ventas estancadas (1.1%)
QBTS,D-Wave Quantum Inc.,Cripto/Apalancado/Volátil
ONDS,Ondas Inc,Precio < $15 USD
MVST,"Microvast Holdings, Inc.",Cripto/Apalancado/Volátil
ASTS,"AST SpaceMobile, Inc.",Margen Op. bajo (-544.6%)
NBIS,Nebius Group N.V.,Margen Op. bajo (-0.2%)
RKLB,Rocket Lab Corporation,Margen Op. bajo (-24.6%)
FSLR,"First Solar, Inc.",Ventas estancadas (-3.7%)
EC,Ecopetrol S.A.,Margen Op. bajo (0.0%)
PL,Planet Labs PBC,Margen Op. bajo (-12.0%)
BA,Boeing Company (The),Margen Op. bajo (0.0%)
IRDM,Iridium Communications Inc,Ventas estancadas (3.8%)
RDW,Redwire Corporation,Precio < $15 USD
GFS,GlobalFoundries Inc.,Margen Op. bajo (9.7%)
COHR,Coherent Corp.,Margen Op. bajo (11.8%)
GENB,"Generate Biomedicines, Inc.",Margen Op. bajo (-1134.2%)
OUST,"Ouster, Inc.",Margen Op. bajo (-46.6%)
PRME,"Prime Medicine, Inc.",Precio < $15 USD
RVMD,"Revolution Medicines, Inc.",Margen Op. bajo (0.0%)
NXP,Nuveen Select Tax Free Income P,Precio < $15 USD
CBRS,Cerebras Systems Inc.,Margen Op. bajo (-265.0%)
OSS,"One Stop Systems, Inc.",Precio < $15 USD
PENG,"Penguin Solutions, Inc.",Margen Op. bajo (10.8%)
ZETA,Zeta Global Holdings Corp.,Margen Op. bajo (3.8%)
SNDK,Sandisk Corporation,PEG distorsionado
LUNR,"Intuitive Machines, Inc.",Precio < $15 USD
AEVA,"Aeva Technologies, Inc.",Margen Op. bajo (-563.2%)
SPIR,"Spire Global, Inc.",Precio < $15 USD
ARQQ,Arqit Quantum Inc.,Margen Op. bajo (-4931.6%)
LAZR,Tema Photonics & Optical ETF,Margen Op. bajo (0.0%)
GILT,Gilat Satellite Networks Ltd.,Precio < $15 USD
TWST,Twist Bioscience Corporation,Margen Op. bajo (-30.6%)
CLSK,"CleanSpark, Inc.",Cripto/Apalancado/Volátil
LEU,Centrus Energy Corp.,Margen Op. bajo (5.3%)
SMR,NuScale Power Corporation,Cripto/Apalancado/Volátil
ZTS,Zoetis Inc.,Ventas estancadas (-0.2%)
AAOI,"Applied Optoelectronics, Inc.",Margen Op. bajo (-12.9%)
OKLO,Oklo Inc.,Margen Op. bajo (-6048.8%)
VPG,"Vishay Precision Group, Inc.",Margen Op. bajo (0.5%)
SYM,Symbotic Inc.,Margen Op. bajo (4.6%)
INFQ,"Infleqtion, Inc.",Precio < $15 USD
USAR,"USA Rare Earth, Inc.",Margen Op. bajo (-795.6%)
ROKU,"Roku, Inc.",Upside consenso < 5% (4.3%)
CRSP,CRISPR Therapeutics AG,Margen Op. bajo (-1127.5%)
INSM,Insmed Incorporated,Margen Op. bajo (-23.8%)
APLD,Applied Digital Corporation,Margen Op. bajo (-48.2%)
VSAT,"ViaSat, Inc.",Margen Op. bajo (4.4%)
BETR,Better Home & Finance Holding C,Cripto/Apalancado/Volátil
TMC,TMC the metals company Inc.,Precio < $15 USD
LTBR,Lightbridge Corporation,Cripto/Apalancado/Volátil
GRAL,"GRAIL, Inc.",Margen Op. bajo (-332.0%)
OPEN,Opendoor Technologies Inc,Cripto/Apalancado/Volátil
CIFR,Cipher Digital Inc.,Cripto/Apalancado/Volátil
NVTS,Navitas Semiconductor Corporati,Precio < $15 USD
